year	topic	word_diff	word	similarity
1987	arts	He-She	artist	-0.173912
1987	arts	Man-Woman	artist	-0.143322
1987	arts	He-She	writer	-0.152883
1987	arts	Man-Woman	writer	-0.127905
1987	arts	He-She	musician	-0.0729641
1987	arts	Man-Woman	musician	0.0482054
1987	arts	He-She	painter	-0.209419
1987	arts	Man-Woman	painter	-0.116312
1987	arts	He-She	singer	-0.180737
1987	arts	Man-Woman	singer	-0.0724261
1987	business	He-She	financier	0.087418
1987	business	Man-Woman	financier	0.0439271
1987	business	He-She	entrepreneur	-0.0540863
1987	business	Man-Woman	entrepreneur	-0.00772067
1987	business	He-She	broker	-0.179718
1987	business	Man-Woman	broker	-0.0935306
1987	business	He-She	investor	0.094361
1987	business	Man-Woman	investor	-0.0133988
1987	business	He-She	accountant	-0.105449
1987	business	Man-Woman	accountant	-0.163905
1987	service	He-She	salesperson	-0.248383
1987	service	Man-Woman	salesperson	-0.101353
1987	service	He-She	receptionist	-0.333459
1987	service	Man-Woman	receptionist	-0.284232
1987	service	He-She	housekeeper	-0.464414
1987	service	Man-Woman	housekeeper	-0.346521
1987	service	He-She	driver	-0.083534
1987	service	Man-Woman	driver	-0.0867211
1987	service	He-She	cashier	-0.282843
1987	service	Man-Woman	cashier	-0.146012
1987	science&tech	He-She	scientist	0.0365024
1987	science&tech	Man-Woman	scientist	0.0184006
1987	science&tech	He-She	engineer	0.0221021
1987	science&tech	Man-Woman	engineer	-0.0218799
1987	science&tech	He-She	chemist	-0.207924
1987	science&tech	Man-Woman	chemist	-0.132519
1987	science&tech	He-She	biologist	-0.118436
1987	science&tech	Man-Woman	biologist	0.0173307
1987	science&tech	He-She	physicist	0.00604143
1987	science&tech	Man-Woman	physicist	0.00633541
1987	neutral	He-She	person	-0.0911122
1987	neutral	Man-Woman	person	-0.144668
1987	neutral	He-She	human	-0.0664148
1987	neutral	Man-Woman	human	-0.0661637
1987	neutral	He-She	somebody	0.008292
1987	neutral	Man-Woman	somebody	-0.0751147
1987	neutral	He-She	someone	0.00702239
1987	neutral	Man-Woman	someone	-0.116074
1987	health	He-She	doctor	-0.145601
1987	health	Man-Woman	doctor	-0.291854
1987	health	He-She	nurse	-0.364001
1987	health	Man-Woman	nurse	-0.414618
1987	health	He-She	physician	-0.0270758
1987	health	Man-Woman	physician	-0.171791
1987	health	He-She	pharmacist	-0.259765
1987	health	Man-Woman	pharmacist	-0.198658
1987	health	He-She	surgeon	0.001808
1987	health	Man-Woman	surgeon	-0.0300167
1987	litcomp	He-She	architect	0.00798037
1987	litcomp	Man-Woman	architect	-0.0127554
1987	litcomp	He-She	captain	0.128157
1987	litcomp	Man-Woman	captain	0.156097
1987	litcomp	He-She	philosopher	-0.016239
1987	litcomp	Man-Woman	philosopher	0.020757
1987	litcomp	He-She	hero	0.0940926
1987	litcomp	Man-Woman	hero	0.149819
1987	litcomp	He-She	legend	-0.0777502
1987	litcomp	Man-Woman	legend	-0.0480223
1987	litcomp	He-She	aide	0.216664
1987	litcomp	Man-Woman	aide	0.0436797
1987	litcomp	He-She	correspondent	0.0599681
1987	litcomp	Man-Woman	correspondent	0.00126983
1987	litcomp	He-She	chef	-0.187297
1987	litcomp	Man-Woman	chef	-0.112088
1987	litcomp	He-She	patron	-0.155015
1987	litcomp	Man-Woman	patron	-0.0481529
1987	litcomp	He-She	comic	-0.142224
1987	litcomp	Man-Woman	comic	-0.0160156
1987	litcomp	He-She	nurse	-0.364001
1987	litcomp	Man-Woman	nurse	-0.414618
1987	litcomp	He-She	librarian	-0.133853
1987	litcomp	Man-Woman	librarian	-0.0823938
1987	litcomp	He-She	nanny	-0.389716
1987	litcomp	Man-Woman	nanny	-0.33997
1987	litcomp	He-She	stylist	-0.302066
1987	litcomp	Man-Woman	stylist	-0.0491345
1987	litcomp	He-She	dancer	-0.250128
1987	litcomp	Man-Woman	dancer	-0.167769
1988	arts	He-She	artist	-0.143153
1988	arts	Man-Woman	artist	-0.120333
1988	arts	He-She	writer	-0.12625
1988	arts	Man-Woman	writer	-0.116474
1988	arts	He-She	musician	-0.0937045
1988	arts	Man-Woman	musician	-0.0121244
1988	arts	He-She	painter	-0.163654
1988	arts	Man-Woman	painter	-0.0678176
1988	arts	He-She	singer	-0.218236
1988	arts	Man-Woman	singer	-0.102094
1988	business	He-She	financier	0.0208722
1988	business	Man-Woman	financier	0.0578814
1988	business	He-She	entrepreneur	-0.0145208
1988	business	Man-Woman	entrepreneur	0.038996
1988	business	He-She	broker	-0.0713254
1988	business	Man-Woman	broker	0.085893
1988	business	He-She	investor	0.0448296
1988	business	Man-Woman	investor	0.035891
1988	business	He-She	accountant	-0.0543343
1988	business	Man-Woman	accountant	-0.0841476
1988	service	He-She	salesperson	-0.253164
1988	service	Man-Woman	salesperson	-0.0705127
1988	service	He-She	receptionist	-0.360627
1988	service	Man-Woman	receptionist	-0.253614
1988	service	He-She	housekeeper	-0.402319
1988	service	Man-Woman	housekeeper	-0.316219
1988	service	He-She	driver	-0.045452
1988	service	Man-Woman	driver	-0.0675185
1988	service	He-She	cashier	-0.344918
1988	service	Man-Woman	cashier	-0.190814
1988	science&tech	He-She	scientist	0.108753
1988	science&tech	Man-Woman	scientist	0.0953845
1988	science&tech	He-She	engineer	0.0433933
1988	science&tech	Man-Woman	engineer	0.0909077
1988	science&tech	He-She	chemist	-0.0813398
1988	science&tech	Man-Woman	chemist	0.00817725
1988	science&tech	He-She	biologist	0.0538698
1988	science&tech	Man-Woman	biologist	0.11456
1988	science&tech	He-She	physicist	0.0878324
1988	science&tech	Man-Woman	physicist	0.0783805
1988	neutral	He-She	person	-0.0642567
1988	neutral	Man-Woman	person	-0.178595
1988	neutral	He-She	human	-0.00217098
1988	neutral	Man-Woman	human	-0.0680794
1988	neutral	He-She	somebody	-0.0199569
1988	neutral	Man-Woman	somebody	-0.137691
1988	neutral	He-She	someone	-0.00575934
1988	neutral	Man-Woman	someone	-0.16919
1988	health	He-She	doctor	-0.172599
1988	health	Man-Woman	doctor	-0.319162
1988	health	He-She	nurse	-0.387108
1988	health	Man-Woman	nurse	-0.413064
1988	health	He-She	physician	-0.0428151
1988	health	Man-Woman	physician	-0.17931
1988	health	He-She	pharmacist	-0.23636
1988	health	Man-Woman	pharmacist	-0.239893
1988	health	He-She	surgeon	0.0272463
1988	health	Man-Woman	surgeon	-0.0203517
1988	litcomp	He-She	architect	0.04559
1988	litcomp	Man-Woman	architect	0.0700619
1988	litcomp	He-She	captain	0.114767
1988	litcomp	Man-Woman	captain	0.1852
1988	litcomp	He-She	philosopher	-0.024094
1988	litcomp	Man-Woman	philosopher	0.0561572
1988	litcomp	He-She	hero	0.128421
1988	litcomp	Man-Woman	hero	0.227514
1988	litcomp	He-She	legend	-0.11916
1988	litcomp	Man-Woman	legend	-0.0892005
1988	litcomp	He-She	aide	0.241336
1988	litcomp	Man-Woman	aide	0.0955773
1988	litcomp	He-She	correspondent	0.0745283
1988	litcomp	Man-Woman	correspondent	0.0453811
1988	litcomp	He-She	chef	-0.186935
1988	litcomp	Man-Woman	chef	-0.090361
1988	litcomp	He-She	patron	-0.0990708
1988	litcomp	Man-Woman	patron	-0.0222291
1988	litcomp	He-She	comic	-0.193509
1988	litcomp	Man-Woman	comic	-0.0612116
1988	litcomp	He-She	nurse	-0.387108
1988	litcomp	Man-Woman	nurse	-0.413064
1988	litcomp	He-She	librarian	-0.294734
1988	litcomp	Man-Woman	librarian	-0.224293
1988	litcomp	He-She	nanny	-0.554866
1988	litcomp	Man-Woman	nanny	-0.415918
1988	litcomp	He-She	stylist	-0.347541
1988	litcomp	Man-Woman	stylist	-0.146961
1988	litcomp	He-She	dancer	-0.248182
1988	litcomp	Man-Woman	dancer	-0.142504
1989	arts	He-She	artist	-0.0995894
1989	arts	Man-Woman	artist	-0.112178
1989	arts	He-She	writer	-0.123579
1989	arts	Man-Woman	writer	-0.0825615
1989	arts	He-She	musician	-0.0487068
1989	arts	Man-Woman	musician	0.0778288
1989	arts	He-She	painter	-0.166944
1989	arts	Man-Woman	painter	-0.0835214
1989	arts	He-She	singer	-0.131675
1989	arts	Man-Woman	singer	-0.0344923
1989	business	He-She	financier	0.108929
1989	business	Man-Woman	financier	0.105055
1989	business	He-She	entrepreneur	0.0127756
1989	business	Man-Woman	entrepreneur	0.0446337
1989	business	He-She	broker	-0.153212
1989	business	Man-Woman	broker	-0.0248888
1989	business	He-She	investor	0.0646472
1989	business	Man-Woman	investor	-0.0150258
1989	business	He-She	accountant	-0.00679927
1989	business	Man-Woman	accountant	-0.0846871
1989	service	He-She	salesperson	-0.319101
1989	service	Man-Woman	salesperson	-0.132921
1989	service	He-She	receptionist	-0.398988
1989	service	Man-Woman	receptionist	-0.324392
1989	service	He-She	housekeeper	-0.360121
1989	service	Man-Woman	housekeeper	-0.2564
1989	service	He-She	driver	-0.080203
1989	service	Man-Woman	driver	-0.0739323
1989	service	He-She	cashier	-0.391201
1989	service	Man-Woman	cashier	-0.197188
1989	science&tech	He-She	scientist	0.0436049
1989	science&tech	Man-Woman	scientist	0.0588633
1989	science&tech	He-She	engineer	-0.0133365
1989	science&tech	Man-Woman	engineer	-0.0120858
1989	science&tech	He-She	chemist	-0.0556186
1989	science&tech	Man-Woman	chemist	-0.00692123
1989	science&tech	He-She	biologist	-0.0513762
1989	science&tech	Man-Woman	biologist	0.0231685
1989	science&tech	He-She	physicist	0.0475506
1989	science&tech	Man-Woman	physicist	0.015379
1989	neutral	He-She	person	-0.0196625
1989	neutral	Man-Woman	person	-0.153503
1989	neutral	He-She	human	0.0888062
1989	neutral	Man-Woman	human	0.0365814
1989	neutral	He-She	somebody	-0.000225852
1989	neutral	Man-Woman	somebody	-0.0855755
1989	neutral	He-She	someone	0.0129294
1989	neutral	Man-Woman	someone	-0.136079
1989	health	He-She	doctor	-0.170266
1989	health	Man-Woman	doctor	-0.382211
1989	health	He-She	nurse	-0.35574
1989	health	Man-Woman	nurse	-0.411926
1989	health	He-She	physician	-0.0485426
1989	health	Man-Woman	physician	-0.21726
1989	health	He-She	pharmacist	-0.193994
1989	health	Man-Woman	pharmacist	-0.198876
1989	health	He-She	surgeon	-0.0413031
1989	health	Man-Woman	surgeon	-0.100316
1989	litcomp	He-She	architect	0.0397166
1989	litcomp	Man-Woman	architect	0.0627839
1989	litcomp	He-She	captain	0.0661522
1989	litcomp	Man-Woman	captain	0.140466
1989	litcomp	He-She	philosopher	-0.0215682
1989	litcomp	Man-Woman	philosopher	0.0153571
1989	litcomp	He-She	hero	0.13287
1989	litcomp	Man-Woman	hero	0.160584
1989	litcomp	He-She	legend	-0.0810466
1989	litcomp	Man-Woman	legend	-0.0413456
1989	litcomp	He-She	aide	0.238415
1989	litcomp	Man-Woman	aide	0.134068
1989	litcomp	He-She	correspondent	-0.0349754
1989	litcomp	Man-Woman	correspondent	-0.0252311
1989	litcomp	He-She	chef	-0.216845
1989	litcomp	Man-Woman	chef	-0.10465
1989	litcomp	He-She	patron	-0.0491431
1989	litcomp	Man-Woman	patron	0.0136068
1989	litcomp	He-She	comic	-0.133536
1989	litcomp	Man-Woman	comic	-0.0131267
1989	litcomp	He-She	nurse	-0.35574
1989	litcomp	Man-Woman	nurse	-0.411926
1989	litcomp	He-She	librarian	-0.254263
1989	litcomp	Man-Woman	librarian	-0.16178
1989	litcomp	He-She	nanny	-0.346591
1989	litcomp	Man-Woman	nanny	-0.411552
1989	litcomp	He-She	stylist	-0.392962
1989	litcomp	Man-Woman	stylist	-0.14175
1989	litcomp	He-She	dancer	-0.244514
1989	litcomp	Man-Woman	dancer	-0.163046
1990	arts	He-She	artist	-0.138277
1990	arts	Man-Woman	artist	-0.0866647
1990	arts	He-She	writer	-0.145262
1990	arts	Man-Woman	writer	-0.0875724
1990	arts	He-She	musician	-0.0529076
1990	arts	Man-Woman	musician	0.0579868
1990	arts	He-She	painter	-0.165698
1990	arts	Man-Woman	painter	-0.0520087
1990	arts	He-She	singer	-0.156092
1990	arts	Man-Woman	singer	-0.0739684
1990	business	He-She	financier	0.118941
1990	business	Man-Woman	financier	0.0689763
1990	business	He-She	entrepreneur	-0.0394917
1990	business	Man-Woman	entrepreneur	0.0287738
1990	business	He-She	broker	-0.144849
1990	business	Man-Woman	broker	0.0370012
1990	business	He-She	investor	0.0739084
1990	business	Man-Woman	investor	-0.00825468
1990	business	He-She	accountant	-0.0675137
1990	business	Man-Woman	accountant	-0.136582
1990	service	He-She	salesperson	-0.22788
1990	service	Man-Woman	salesperson	0.00354448
1990	service	He-She	receptionist	-0.3335
1990	service	Man-Woman	receptionist	-0.202001
1990	service	He-She	housekeeper	-0.438859
1990	service	Man-Woman	housekeeper	-0.326178
1990	service	He-She	driver	-0.0231591
1990	service	Man-Woman	driver	-0.0039072
1990	service	He-She	cashier	-0.455341
1990	service	Man-Woman	cashier	-0.284728
1990	science&tech	He-She	scientist	0.026389
1990	science&tech	Man-Woman	scientist	0.0579401
1990	science&tech	He-She	engineer	-0.053149
1990	science&tech	Man-Woman	engineer	-0.0070738
1990	science&tech	He-She	chemist	-0.102525
1990	science&tech	Man-Woman	chemist	-0.0164488
1990	science&tech	He-She	biologist	-0.138951
1990	science&tech	Man-Woman	biologist	-0.0157998
1990	science&tech	He-She	physicist	-0.0183248
1990	science&tech	Man-Woman	physicist	0.0594615
1990	neutral	He-She	person	-0.0376187
1990	neutral	Man-Woman	person	-0.128231
1990	neutral	He-She	human	0.0370849
1990	neutral	Man-Woman	human	0.0414337
1990	neutral	He-She	somebody	-0.0156724
1990	neutral	Man-Woman	somebody	-0.0692006
1990	neutral	He-She	someone	-0.00010919
1990	neutral	Man-Woman	someone	-0.0884134
1990	health	He-She	doctor	-0.150243
1990	health	Man-Woman	doctor	-0.279751
1990	health	He-She	nurse	-0.430504
1990	health	Man-Woman	nurse	-0.410732
1990	health	He-She	physician	-0.0735293
1990	health	Man-Woman	physician	-0.140919
1990	health	He-She	pharmacist	-0.350044
1990	health	Man-Woman	pharmacist	-0.219604
1990	health	He-She	surgeon	-0.0234872
1990	health	Man-Woman	surgeon	-0.0363087
1990	litcomp	He-She	architect	0.0278987
1990	litcomp	Man-Woman	architect	0.0812661
1990	litcomp	He-She	captain	0.129381
1990	litcomp	Man-Woman	captain	0.101251
1990	litcomp	He-She	philosopher	-0.0309936
1990	litcomp	Man-Woman	philosopher	0.0315995
1990	litcomp	He-She	hero	0.0771324
1990	litcomp	Man-Woman	hero	0.194239
1990	litcomp	He-She	legend	-0.109461
1990	litcomp	Man-Woman	legend	0.0494784
1990	litcomp	He-She	aide	0.169769
1990	litcomp	Man-Woman	aide	0.0384635
1990	litcomp	He-She	correspondent	0.0476328
1990	litcomp	Man-Woman	correspondent	0.0261136
1990	litcomp	He-She	chef	-0.19148
1990	litcomp	Man-Woman	chef	-0.0917645
1990	litcomp	He-She	patron	-0.0875704
1990	litcomp	Man-Woman	patron	0.0154391
1990	litcomp	He-She	comic	-0.156582
1990	litcomp	Man-Woman	comic	-0.0240518
1990	litcomp	He-She	nurse	-0.430504
1990	litcomp	Man-Woman	nurse	-0.410732
1990	litcomp	He-She	librarian	-0.298826
1990	litcomp	Man-Woman	librarian	-0.212107
1990	litcomp	He-She	nanny	-0.551346
1990	litcomp	Man-Woman	nanny	-0.356229
1990	litcomp	He-She	stylist	-0.290591
1990	litcomp	Man-Woman	stylist	-0.0740258
1990	litcomp	He-She	dancer	-0.256684
1990	litcomp	Man-Woman	dancer	-0.162785
1991	arts	He-She	artist	-0.17956
1991	arts	Man-Woman	artist	-0.129774
1991	arts	He-She	writer	-0.202642
1991	arts	Man-Woman	writer	-0.175238
1991	arts	He-She	musician	-0.167199
1991	arts	Man-Woman	musician	0.0174992
1991	arts	He-She	painter	-0.173519
1991	arts	Man-Woman	painter	-0.0980723
1991	arts	He-She	singer	-0.194442
1991	arts	Man-Woman	singer	-0.0994894
1991	business	He-She	financier	0.0407703
1991	business	Man-Woman	financier	-0.0626664
1991	business	He-She	entrepreneur	-0.0521234
1991	business	Man-Woman	entrepreneur	-0.0679254
1991	business	He-She	broker	-0.137373
1991	business	Man-Woman	broker	-0.000312158
1991	business	He-She	investor	0.0239548
1991	business	Man-Woman	investor	-0.071745
1991	business	He-She	accountant	-0.137342
1991	business	Man-Woman	accountant	-0.158105
1991	service	He-She	salesperson	-0.317578
1991	service	Man-Woman	salesperson	-0.194882
1991	service	He-She	receptionist	-0.32403
1991	service	Man-Woman	receptionist	-0.247344
1991	service	He-She	housekeeper	-0.450903
1991	service	Man-Woman	housekeeper	-0.259935
1991	service	He-She	driver	-0.104137
1991	service	Man-Woman	driver	-0.0471407
1991	service	He-She	cashier	-0.3898
1991	service	Man-Woman	cashier	-0.225683
1991	science&tech	He-She	scientist	-0.00354242
1991	science&tech	Man-Woman	scientist	0.0016587
1991	science&tech	He-She	engineer	-0.0540121
1991	science&tech	Man-Woman	engineer	-0.0101277
1991	science&tech	He-She	chemist	-0.0994686
1991	science&tech	Man-Woman	chemist	-0.118866
1991	science&tech	He-She	biologist	-0.100459
1991	science&tech	Man-Woman	biologist	-0.0573094
1991	science&tech	He-She	physicist	-0.00894045
1991	science&tech	Man-Woman	physicist	0.0147205
1991	neutral	He-She	person	-0.0800015
1991	neutral	Man-Woman	person	-0.145708
1991	neutral	He-She	human	0.00928647
1991	neutral	Man-Woman	human	-0.118858
1991	neutral	He-She	somebody	-0.0620575
1991	neutral	Man-Woman	somebody	-0.0734534
1991	neutral	He-She	someone	-0.0419214
1991	neutral	Man-Woman	someone	-0.117612
1991	health	He-She	doctor	-0.1983
1991	health	Man-Woman	doctor	-0.356837
1991	health	He-She	nurse	-0.43071
1991	health	Man-Woman	nurse	-0.407445
1991	health	He-She	physician	-0.092887
1991	health	Man-Woman	physician	-0.214634
1991	health	He-She	pharmacist	-0.170727
1991	health	Man-Woman	pharmacist	-0.255459
1991	health	He-She	surgeon	-0.0926387
1991	health	Man-Woman	surgeon	-0.13688
1991	litcomp	He-She	architect	-0.0237085
1991	litcomp	Man-Woman	architect	0.0604461
1991	litcomp	He-She	captain	0.0489015
1991	litcomp	Man-Woman	captain	0.0496419
1991	litcomp	He-She	philosopher	-0.105176
1991	litcomp	Man-Woman	philosopher	-0.0212635
1991	litcomp	He-She	hero	0.0732221
1991	litcomp	Man-Woman	hero	0.15454
1991	litcomp	He-She	legend	-0.158675
1991	litcomp	Man-Woman	legend	-0.0573754
1991	litcomp	He-She	aide	0.176057
1991	litcomp	Man-Woman	aide	0.025404
1991	litcomp	He-She	correspondent	0.00970258
1991	litcomp	Man-Woman	correspondent	-0.0417504
1991	litcomp	He-She	chef	-0.138854
1991	litcomp	Man-Woman	chef	-0.0721922
1991	litcomp	He-She	patron	-0.0230364
1991	litcomp	Man-Woman	patron	-0.00800428
1991	litcomp	He-She	comic	-0.188045
1991	litcomp	Man-Woman	comic	-0.0276665
1991	litcomp	He-She	nurse	-0.43071
1991	litcomp	Man-Woman	nurse	-0.407445
1991	litcomp	He-She	librarian	-0.341406
1991	litcomp	Man-Woman	librarian	-0.230358
1991	litcomp	He-She	nanny	-0.534126
1991	litcomp	Man-Woman	nanny	-0.354672
1991	litcomp	He-She	stylist	-0.272792
1991	litcomp	Man-Woman	stylist	-0.113372
1991	litcomp	He-She	dancer	-0.290573
1991	litcomp	Man-Woman	dancer	-0.174587
1992	arts	He-She	artist	-0.177376
1992	arts	Man-Woman	artist	-0.113835
1992	arts	He-She	writer	-0.175752
1992	arts	Man-Woman	writer	-0.179295
1992	arts	He-She	musician	-0.114707
1992	arts	Man-Woman	musician	0.0384211
1992	arts	He-She	painter	-0.172701
1992	arts	Man-Woman	painter	-0.0816706
1992	arts	He-She	singer	-0.18658
1992	arts	Man-Woman	singer	-0.0744738
1992	business	He-She	financier	0.155852
1992	business	Man-Woman	financier	0.0609149
1992	business	He-She	entrepreneur	0.0150761
1992	business	Man-Woman	entrepreneur	0.00124994
1992	business	He-She	broker	-0.0770813
1992	business	Man-Woman	broker	0.105844
1992	business	He-She	investor	0.0606315
1992	business	Man-Woman	investor	-0.0392964
1992	business	He-She	accountant	-0.0714644
1992	business	Man-Woman	accountant	-0.0871989
1992	service	He-She	salesperson	-0.271943
1992	service	Man-Woman	salesperson	-0.208967
1992	service	He-She	receptionist	-0.311267
1992	service	Man-Woman	receptionist	-0.263952
1992	service	He-She	housekeeper	-0.381987
1992	service	Man-Woman	housekeeper	-0.205528
1992	service	He-She	driver	-0.0966223
1992	service	Man-Woman	driver	-0.116758
1992	service	He-She	cashier	-0.33507
1992	service	Man-Woman	cashier	-0.184008
1992	science&tech	He-She	scientist	0.0287594
1992	science&tech	Man-Woman	scientist	-0.020349
1992	science&tech	He-She	engineer	0.0422445
1992	science&tech	Man-Woman	engineer	0.058316
1992	science&tech	He-She	chemist	-0.0859781
1992	science&tech	Man-Woman	chemist	-0.0649921
1992	science&tech	He-She	biologist	-0.0541961
1992	science&tech	Man-Woman	biologist	-0.0559329
1992	science&tech	He-She	physicist	0.0258641
1992	science&tech	Man-Woman	physicist	-0.0233511
1992	neutral	He-She	person	-0.0783836
1992	neutral	Man-Woman	person	-0.137582
1992	neutral	He-She	human	-0.0728992
1992	neutral	Man-Woman	human	-0.169372
1992	neutral	He-She	somebody	-0.0377713
1992	neutral	Man-Woman	somebody	-0.105349
1992	neutral	He-She	someone	-0.0556048
1992	neutral	Man-Woman	someone	-0.143081
1992	health	He-She	doctor	-0.172953
1992	health	Man-Woman	doctor	-0.36353
1992	health	He-She	nurse	-0.410967
1992	health	Man-Woman	nurse	-0.417245
1992	health	He-She	physician	-0.050636
1992	health	Man-Woman	physician	-0.161321
1992	health	He-She	pharmacist	-0.308222
1992	health	Man-Woman	pharmacist	-0.282458
1992	health	He-She	surgeon	0.0336928
1992	health	Man-Woman	surgeon	-0.0975704
1992	litcomp	He-She	architect	0.0447747
1992	litcomp	Man-Woman	architect	0.102151
1992	litcomp	He-She	captain	0.134499
1992	litcomp	Man-Woman	captain	0.125769
1992	litcomp	He-She	philosopher	0.0532676
1992	litcomp	Man-Woman	philosopher	0.0452042
1992	litcomp	He-She	hero	0.127247
1992	litcomp	Man-Woman	hero	0.185746
1992	litcomp	He-She	legend	-0.10298
1992	litcomp	Man-Woman	legend	-0.00686105
1992	litcomp	He-She	aide	0.120947
1992	litcomp	Man-Woman	aide	-0.0370184
1992	litcomp	He-She	correspondent	0.0481494
1992	litcomp	Man-Woman	correspondent	-0.0174866
1992	litcomp	He-She	chef	-0.106585
1992	litcomp	Man-Woman	chef	-0.0159261
1992	litcomp	He-She	patron	-0.0348834
1992	litcomp	Man-Woman	patron	0.0479371
1992	litcomp	He-She	comic	-0.150019
1992	litcomp	Man-Woman	comic	0.0179292
1992	litcomp	He-She	nurse	-0.410967
1992	litcomp	Man-Woman	nurse	-0.417245
1992	litcomp	He-She	librarian	-0.27472
1992	litcomp	Man-Woman	librarian	-0.21178
1992	litcomp	He-She	nanny	-0.496253
1992	litcomp	Man-Woman	nanny	-0.331106
1992	litcomp	He-She	stylist	-0.418088
1992	litcomp	Man-Woman	stylist	-0.158562
1992	litcomp	He-She	dancer	-0.263178
1992	litcomp	Man-Woman	dancer	-0.163481
1993	arts	He-She	artist	-0.165234
1993	arts	Man-Woman	artist	-0.0899417
1993	arts	He-She	writer	-0.125822
1993	arts	Man-Woman	writer	-0.14972
1993	arts	He-She	musician	-0.0761014
1993	arts	Man-Woman	musician	0.0345724
1993	arts	He-She	painter	-0.157681
1993	arts	Man-Woman	painter	-0.0840773
1993	arts	He-She	singer	-0.185753
1993	arts	Man-Woman	singer	-0.102389
1993	business	He-She	financier	0.0846658
1993	business	Man-Woman	financier	0.0821911
1993	business	He-She	entrepreneur	-0.0228554
1993	business	Man-Woman	entrepreneur	0.0141785
1993	business	He-She	broker	-0.0863954
1993	business	Man-Woman	broker	-0.00430118
1993	business	He-She	investor	0.0753243
1993	business	Man-Woman	investor	-0.0524361
1993	business	He-She	accountant	-0.106032
1993	business	Man-Woman	accountant	-0.0989023
1993	service	He-She	salesperson	-0.0745716
1993	service	Man-Woman	salesperson	0.0143046
1993	service	He-She	receptionist	-0.326957
1993	service	Man-Woman	receptionist	-0.222686
1993	service	He-She	housekeeper	-0.369794
1993	service	Man-Woman	housekeeper	-0.271234
1993	service	He-She	driver	-0.0301202
1993	service	Man-Woman	driver	0.0571929
1993	service	He-She	cashier	-0.352034
1993	service	Man-Woman	cashier	-0.169222
1993	science&tech	He-She	scientist	0.012165
1993	science&tech	Man-Woman	scientist	-0.0356175
1993	science&tech	He-She	engineer	-0.00628641
1993	science&tech	Man-Woman	engineer	0.0211341
1993	science&tech	He-She	chemist	-0.109687
1993	science&tech	Man-Woman	chemist	-0.0781966
1993	science&tech	He-She	biologist	-0.11056
1993	science&tech	Man-Woman	biologist	-0.081793
1993	science&tech	He-She	physicist	0.000867291
1993	science&tech	Man-Woman	physicist	-0.0198828
1993	neutral	He-She	person	-0.0659266
1993	neutral	Man-Woman	person	-0.0984124
1993	neutral	He-She	human	-0.0195793
1993	neutral	Man-Woman	human	-0.0560732
1993	neutral	He-She	somebody	-0.0126402
1993	neutral	Man-Woman	somebody	-0.0159991
1993	neutral	He-She	someone	-0.0322109
1993	neutral	Man-Woman	someone	-0.0867597
1993	health	He-She	doctor	-0.171103
1993	health	Man-Woman	doctor	-0.291149
1993	health	He-She	nurse	-0.338632
1993	health	Man-Woman	nurse	-0.344989
1993	health	He-She	physician	-0.0657463
1993	health	Man-Woman	physician	-0.180115
1993	health	He-She	pharmacist	-0.191626
1993	health	Man-Woman	pharmacist	-0.134606
1993	health	He-She	surgeon	-0.0668476
1993	health	Man-Woman	surgeon	-0.0881305
1993	litcomp	He-She	architect	0.0462872
1993	litcomp	Man-Woman	architect	0.0365715
1993	litcomp	He-She	captain	0.0788547
1993	litcomp	Man-Woman	captain	0.0953397
1993	litcomp	He-She	philosopher	0.0788331
1993	litcomp	Man-Woman	philosopher	0.0104271
1993	litcomp	He-She	hero	0.0737533
1993	litcomp	Man-Woman	hero	0.11624
1993	litcomp	He-She	legend	-0.0690931
1993	litcomp	Man-Woman	legend	-0.0269155
1993	litcomp	He-She	aide	0.0562822
1993	litcomp	Man-Woman	aide	-0.0904027
1993	litcomp	He-She	correspondent	0.0936394
1993	litcomp	Man-Woman	correspondent	0.0108103
1993	litcomp	He-She	chef	-0.0491084
1993	litcomp	Man-Woman	chef	-0.0133405
1993	litcomp	He-She	patron	0.0337022
1993	litcomp	Man-Woman	patron	0.00957521
1993	litcomp	He-She	comic	-0.0700383
1993	litcomp	Man-Woman	comic	0.0818407
1993	litcomp	He-She	nurse	-0.338632
1993	litcomp	Man-Woman	nurse	-0.344989
1993	litcomp	He-She	librarian	-0.181769
1993	litcomp	Man-Woman	librarian	-0.172651
1993	litcomp	He-She	nanny	-0.494407
1993	litcomp	Man-Woman	nanny	-0.40161
1993	litcomp	He-She	stylist	-0.276169
1993	litcomp	Man-Woman	stylist	-0.161257
1993	litcomp	He-She	dancer	-0.280787
1993	litcomp	Man-Woman	dancer	-0.190601
1994	arts	He-She	artist	-0.162772
1994	arts	Man-Woman	artist	-0.144875
1994	arts	He-She	writer	-0.107798
1994	arts	Man-Woman	writer	-0.11711
1994	arts	He-She	musician	-0.0446742
1994	arts	Man-Woman	musician	0.0201267
1994	arts	He-She	painter	-0.151812
1994	arts	Man-Woman	painter	-0.0879189
1994	arts	He-She	singer	-0.193309
1994	arts	Man-Woman	singer	-0.119445
1994	business	He-She	financier	0.135995
1994	business	Man-Woman	financier	0.118296
1994	business	He-She	entrepreneur	0.0167539
1994	business	Man-Woman	entrepreneur	-0.0122078
1994	business	He-She	broker	-0.155828
1994	business	Man-Woman	broker	-0.189897
1994	business	He-She	investor	0.0860492
1994	business	Man-Woman	investor	-0.0202097
1994	business	He-She	accountant	-0.093274
1994	business	Man-Woman	accountant	-0.121812
1994	service	He-She	salesperson	-0.186407
1994	service	Man-Woman	salesperson	-0.176356
1994	service	He-She	receptionist	-0.388384
1994	service	Man-Woman	receptionist	-0.30377
1994	service	He-She	housekeeper	-0.355202
1994	service	Man-Woman	housekeeper	-0.31523
1994	service	He-She	driver	-0.0739814
1994	service	Man-Woman	driver	-0.0690371
1994	service	He-She	cashier	-0.293251
1994	service	Man-Woman	cashier	-0.241292
1994	science&tech	He-She	scientist	0.0567268
1994	science&tech	Man-Woman	scientist	0.04404
1994	science&tech	He-She	engineer	0.030573
1994	science&tech	Man-Woman	engineer	0.0697511
1994	science&tech	He-She	chemist	-0.0641013
1994	science&tech	Man-Woman	chemist	-0.0306823
1994	science&tech	He-She	biologist	-0.0964383
1994	science&tech	Man-Woman	biologist	-0.0747263
1994	science&tech	He-She	physicist	0.0732137
1994	science&tech	Man-Woman	physicist	0.024566
1994	neutral	He-She	person	-0.0748597
1994	neutral	Man-Woman	person	-0.128988
1994	neutral	He-She	human	-0.0823449
1994	neutral	Man-Woman	human	-0.0928498
1994	neutral	He-She	somebody	0.00536487
1994	neutral	Man-Woman	somebody	-0.0446827
1994	neutral	He-She	someone	-0.0370895
1994	neutral	Man-Woman	someone	-0.11872
1994	health	He-She	doctor	-0.178462
1994	health	Man-Woman	doctor	-0.298461
1994	health	He-She	nurse	-0.383752
1994	health	Man-Woman	nurse	-0.424695
1994	health	He-She	physician	-0.0412638
1994	health	Man-Woman	physician	-0.139787
1994	health	He-She	pharmacist	-0.262956
1994	health	Man-Woman	pharmacist	-0.277164
1994	health	He-She	surgeon	-0.0523011
1994	health	Man-Woman	surgeon	-0.13802
1994	litcomp	He-She	architect	0.0156521
1994	litcomp	Man-Woman	architect	0.0425589
1994	litcomp	He-She	captain	0.0997962
1994	litcomp	Man-Woman	captain	0.137499
1994	litcomp	He-She	philosopher	-0.00648256
1994	litcomp	Man-Woman	philosopher	-0.011809
1994	litcomp	He-She	hero	0.119759
1994	litcomp	Man-Woman	hero	0.119816
1994	litcomp	He-She	legend	-0.030095
1994	litcomp	Man-Woman	legend	-0.00475657
1994	litcomp	He-She	aide	0.146631
1994	litcomp	Man-Woman	aide	0.0389225
1994	litcomp	He-She	correspondent	0.105314
1994	litcomp	Man-Woman	correspondent	0.0620088
1994	litcomp	He-She	chef	-0.0179389
1994	litcomp	Man-Woman	chef	-0.0158039
1994	litcomp	He-She	patron	-0.00949288
1994	litcomp	Man-Woman	patron	0.0159474
1994	litcomp	He-She	comic	-0.0935211
1994	litcomp	Man-Woman	comic	0.00682812
1994	litcomp	He-She	nurse	-0.383752
1994	litcomp	Man-Woman	nurse	-0.424695
1994	litcomp	He-She	librarian	-0.190825
1994	litcomp	Man-Woman	librarian	-0.181981
1994	litcomp	He-She	nanny	-0.387427
1994	litcomp	Man-Woman	nanny	-0.40488
1994	litcomp	He-She	stylist	-0.317305
1994	litcomp	Man-Woman	stylist	-0.173681
1994	litcomp	He-She	dancer	-0.324706
1994	litcomp	Man-Woman	dancer	-0.234459
1995	arts	He-She	artist	-0.117703
1995	arts	Man-Woman	artist	-0.0801216
1995	arts	He-She	writer	-0.108815
1995	arts	Man-Woman	writer	-0.116473
1995	arts	He-She	musician	-0.090266
1995	arts	Man-Woman	musician	-0.00914513
1995	arts	He-She	painter	-0.13078
1995	arts	Man-Woman	painter	-0.107079
1995	arts	He-She	singer	-0.194583
1995	arts	Man-Woman	singer	-0.103126
1995	business	He-She	financier	0.142143
1995	business	Man-Woman	financier	0.0778493
1995	business	He-She	entrepreneur	0.0796148
1995	business	Man-Woman	entrepreneur	0.0440656
1995	business	He-She	broker	-0.118598
1995	business	Man-Woman	broker	-0.144495
1995	business	He-She	investor	0.104918
1995	business	Man-Woman	investor	-0.0144042
1995	business	He-She	accountant	-0.0605517
1995	business	Man-Woman	accountant	-0.159057
1995	service	He-She	salesperson	-0.0800248
1995	service	Man-Woman	salesperson	-0.0921365
1995	service	He-She	receptionist	-0.346518
1995	service	Man-Woman	receptionist	-0.343142
1995	service	He-She	housekeeper	-0.459017
1995	service	Man-Woman	housekeeper	-0.378673
1995	service	He-She	driver	-0.0600469
1995	service	Man-Woman	driver	-0.052385
1995	service	He-She	cashier	-0.208731
1995	service	Man-Woman	cashier	-0.178803
1995	science&tech	He-She	scientist	0.0511114
1995	science&tech	Man-Woman	scientist	0.0387295
1995	science&tech	He-She	engineer	0.0874031
1995	science&tech	Man-Woman	engineer	0.0183123
1995	science&tech	He-She	chemist	-0.0203989
1995	science&tech	Man-Woman	chemist	-0.0565732
1995	science&tech	He-She	biologist	-0.00982428
1995	science&tech	Man-Woman	biologist	0.00619669
1995	science&tech	He-She	physicist	0.0705471
1995	science&tech	Man-Woman	physicist	0.0179815
1995	neutral	He-She	person	-0.0691022
1995	neutral	Man-Woman	person	-0.0792092
1995	neutral	He-She	human	-0.0031867
1995	neutral	Man-Woman	human	-0.0195777
1995	neutral	He-She	somebody	-0.0230658
1995	neutral	Man-Woman	somebody	-0.00810872
1995	neutral	He-She	someone	-0.021345
1995	neutral	Man-Woman	someone	-0.0336367
1995	health	He-She	doctor	-0.207534
1995	health	Man-Woman	doctor	-0.319257
1995	health	He-She	nurse	-0.384278
1995	health	Man-Woman	nurse	-0.429451
1995	health	He-She	physician	-0.043024
1995	health	Man-Woman	physician	-0.12523
1995	health	He-She	pharmacist	-0.278083
1995	health	Man-Woman	pharmacist	-0.304202
1995	health	He-She	surgeon	0.0818315
1995	health	Man-Woman	surgeon	-0.0177847
1995	litcomp	He-She	architect	0.0782318
1995	litcomp	Man-Woman	architect	0.0407246
1995	litcomp	He-She	captain	0.0840251
1995	litcomp	Man-Woman	captain	0.0734062
1995	litcomp	He-She	philosopher	0.0107992
1995	litcomp	Man-Woman	philosopher	-0.00306164
1995	litcomp	He-She	hero	0.110611
1995	litcomp	Man-Woman	hero	0.167002
1995	litcomp	He-She	legend	-0.0694642
1995	litcomp	Man-Woman	legend	0.0490341
1995	litcomp	He-She	aide	0.14608
1995	litcomp	Man-Woman	aide	0.0245488
1995	litcomp	He-She	correspondent	0.0688182
1995	litcomp	Man-Woman	correspondent	0.0349734
1995	litcomp	He-She	chef	-0.0258483
1995	litcomp	Man-Woman	chef	-0.0185311
1995	litcomp	He-She	patron	-0.0802894
1995	litcomp	Man-Woman	patron	-0.0599476
1995	litcomp	He-She	comic	-0.0623469
1995	litcomp	Man-Woman	comic	0.0907468
1995	litcomp	He-She	nurse	-0.384278
1995	litcomp	Man-Woman	nurse	-0.429451
1995	litcomp	He-She	librarian	-0.325945
1995	litcomp	Man-Woman	librarian	-0.330236
1995	litcomp	He-She	nanny	-0.531349
1995	litcomp	Man-Woman	nanny	-0.450237
1995	litcomp	He-She	stylist	-0.314119
1995	litcomp	Man-Woman	stylist	-0.160298
1995	litcomp	He-She	dancer	-0.238941
1995	litcomp	Man-Woman	dancer	-0.157784
1996	arts	He-She	artist	-0.227619
1996	arts	Man-Woman	artist	-0.147559
1996	arts	He-She	writer	-0.142094
1996	arts	Man-Woman	writer	-0.136459
1996	arts	He-She	musician	-0.0550336
1996	arts	Man-Woman	musician	0.0293585
1996	arts	He-She	painter	-0.207397
1996	arts	Man-Woman	painter	-0.155885
1996	arts	He-She	singer	-0.209041
1996	arts	Man-Woman	singer	-0.0915972
1996	business	He-She	financier	0.178482
1996	business	Man-Woman	financier	0.101668
1996	business	He-She	entrepreneur	-0.00123823
1996	business	Man-Woman	entrepreneur	0.0362517
1996	business	He-She	broker	-0.069577
1996	business	Man-Woman	broker	-0.101394
1996	business	He-She	investor	0.0964417
1996	business	Man-Woman	investor	0.0296758
1996	business	He-She	accountant	-0.113664
1996	business	Man-Woman	accountant	-0.116355
1996	service	He-She	salesperson	-0.0450473
1996	service	Man-Woman	salesperson	0.127555
1996	service	He-She	receptionist	-0.355665
1996	service	Man-Woman	receptionist	-0.281537
1996	service	He-She	housekeeper	-0.477434
1996	service	Man-Woman	housekeeper	-0.365665
1996	service	He-She	driver	-0.105576
1996	service	Man-Woman	driver	-0.0595551
1996	service	He-She	cashier	-0.381441
1996	service	Man-Woman	cashier	-0.312468
1996	science&tech	He-She	scientist	0.0092002
1996	science&tech	Man-Woman	scientist	-0.0770439
1996	science&tech	He-She	engineer	0.0517547
1996	science&tech	Man-Woman	engineer	0.0268887
1996	science&tech	He-She	chemist	-0.0992685
1996	science&tech	Man-Woman	chemist	-0.0980352
1996	science&tech	He-She	biologist	-0.0688331
1996	science&tech	Man-Woman	biologist	-0.0806326
1996	science&tech	He-She	physicist	-0.0066948
1996	science&tech	Man-Woman	physicist	-0.0887056
1996	neutral	He-She	person	-0.0308649
1996	neutral	Man-Woman	person	-0.0626168
1996	neutral	He-She	human	-0.11289
1996	neutral	Man-Woman	human	-0.112512
1996	neutral	He-She	somebody	0.0221553
1996	neutral	Man-Woman	somebody	-0.0324976
1996	neutral	He-She	someone	-0.023559
1996	neutral	Man-Woman	someone	-0.0950917
1996	health	He-She	doctor	-0.155281
1996	health	Man-Woman	doctor	-0.292968
1996	health	He-She	nurse	-0.409143
1996	health	Man-Woman	nurse	-0.409244
1996	health	He-She	physician	-0.00881561
1996	health	Man-Woman	physician	-0.105955
1996	health	He-She	pharmacist	-0.153804
1996	health	Man-Woman	pharmacist	-0.187536
1996	health	He-She	surgeon	-0.0422784
1996	health	Man-Woman	surgeon	-0.0978276
1996	litcomp	He-She	architect	0.028226
1996	litcomp	Man-Woman	architect	0.0621799
1996	litcomp	He-She	captain	0.075542
1996	litcomp	Man-Woman	captain	0.0794696
1996	litcomp	He-She	philosopher	-0.0668346
1996	litcomp	Man-Woman	philosopher	-0.0894477
1996	litcomp	He-She	hero	0.120939
1996	litcomp	Man-Woman	hero	0.209978
1996	litcomp	He-She	legend	-0.0246788
1996	litcomp	Man-Woman	legend	0.0453404
1996	litcomp	He-She	aide	0.0847751
1996	litcomp	Man-Woman	aide	-0.0540907
1996	litcomp	He-She	correspondent	0.0475278
1996	litcomp	Man-Woman	correspondent	-0.0171564
1996	litcomp	He-She	chef	-0.079123
1996	litcomp	Man-Woman	chef	-0.022678
1996	litcomp	He-She	patron	-0.047822
1996	litcomp	Man-Woman	patron	0.00306714
1996	litcomp	He-She	comic	-0.13747
1996	litcomp	Man-Woman	comic	0.042635
1996	litcomp	He-She	nurse	-0.409143
1996	litcomp	Man-Woman	nurse	-0.409244
1996	litcomp	He-She	librarian	-0.37061
1996	litcomp	Man-Woman	librarian	-0.334959
1996	litcomp	He-She	nanny	-0.407889
1996	litcomp	Man-Woman	nanny	-0.357796
1996	litcomp	He-She	stylist	-0.35934
1996	litcomp	Man-Woman	stylist	-0.196721
1996	litcomp	He-She	dancer	-0.324821
1996	litcomp	Man-Woman	dancer	-0.231156
1997	arts	He-She	artist	-0.176302
1997	arts	Man-Woman	artist	-0.091033
1997	arts	He-She	writer	-0.100522
1997	arts	Man-Woman	writer	-0.0923143
1997	arts	He-She	musician	-0.0206205
1997	arts	Man-Woman	musician	0.0633254
1997	arts	He-She	painter	-0.141036
1997	arts	Man-Woman	painter	-0.0704632
1997	arts	He-She	singer	-0.110009
1997	arts	Man-Woman	singer	-0.0298992
1997	business	He-She	financier	0.168276
1997	business	Man-Woman	financier	0.154529
1997	business	He-She	entrepreneur	0.0779161
1997	business	Man-Woman	entrepreneur	0.10522
1997	business	He-She	broker	0.00626746
1997	business	Man-Woman	broker	-0.048341
1997	business	He-She	investor	0.1766
1997	business	Man-Woman	investor	0.0600014
1997	business	He-She	accountant	-0.0403664
1997	business	Man-Woman	accountant	-0.0574326
1997	service	He-She	salesperson	-0.236906
1997	service	Man-Woman	salesperson	-0.175908
1997	service	He-She	receptionist	-0.253518
1997	service	Man-Woman	receptionist	-0.240808
1997	service	He-She	housekeeper	-0.276087
1997	service	Man-Woman	housekeeper	-0.186903
1997	service	He-She	driver	-0.00554961
1997	service	Man-Woman	driver	0.0161606
1997	service	He-She	cashier	-0.27011
1997	service	Man-Woman	cashier	-0.1811
1997	science&tech	He-She	scientist	0.00761706
1997	science&tech	Man-Woman	scientist	0.0151223
1997	science&tech	He-She	engineer	0.096733
1997	science&tech	Man-Woman	engineer	0.116181
1997	science&tech	He-She	chemist	-0.0437355
1997	science&tech	Man-Woman	chemist	-0.0284899
1997	science&tech	He-She	biologist	-0.0682963
1997	science&tech	Man-Woman	biologist	-0.0633028
1997	science&tech	He-She	physicist	0.0725315
1997	science&tech	Man-Woman	physicist	0.049015
1997	neutral	He-She	person	-0.0312443
1997	neutral	Man-Woman	person	-0.052855
1997	neutral	He-She	human	-0.0216545
1997	neutral	Man-Woman	human	-0.0302906
1997	neutral	He-She	somebody	-0.0170661
1997	neutral	Man-Woman	somebody	0.0218542
1997	neutral	He-She	someone	-0.017927
1997	neutral	Man-Woman	someone	-0.000376284
1997	health	He-She	doctor	-0.162206
1997	health	Man-Woman	doctor	-0.240781
1997	health	He-She	nurse	-0.415943
1997	health	Man-Woman	nurse	-0.448924
1997	health	He-She	physician	0.00150073
1997	health	Man-Woman	physician	-0.0853567
1997	health	He-She	pharmacist	-0.0947492
1997	health	Man-Woman	pharmacist	-0.103547
1997	health	He-She	surgeon	-0.0894532
1997	health	Man-Woman	surgeon	-0.121228
1997	litcomp	He-She	architect	0.0675747
1997	litcomp	Man-Woman	architect	0.101376
1997	litcomp	He-She	captain	0.254477
1997	litcomp	Man-Woman	captain	0.217064
1997	litcomp	He-She	philosopher	0.000440348
1997	litcomp	Man-Woman	philosopher	0.0164816
1997	litcomp	He-She	hero	0.132641
1997	litcomp	Man-Woman	hero	0.233651
1997	litcomp	He-She	legend	0.0261083
1997	litcomp	Man-Woman	legend	0.117159
1997	litcomp	He-She	aide	0.0305782
1997	litcomp	Man-Woman	aide	-0.0430799
1997	litcomp	He-She	correspondent	0.0100179
1997	litcomp	Man-Woman	correspondent	-0.026899
1997	litcomp	He-She	chef	-0.0374174
1997	litcomp	Man-Woman	chef	0.0332067
1997	litcomp	He-She	patron	-0.0183536
1997	litcomp	Man-Woman	patron	0.0775578
1997	litcomp	He-She	comic	0.00588631
1997	litcomp	Man-Woman	comic	0.117079
1997	litcomp	He-She	nurse	-0.415943
1997	litcomp	Man-Woman	nurse	-0.448924
1997	litcomp	He-She	librarian	-0.313453
1997	litcomp	Man-Woman	librarian	-0.238816
1997	litcomp	He-She	nanny	-0.352352
1997	litcomp	Man-Woman	nanny	-0.339635
1997	litcomp	He-She	stylist	-0.296088
1997	litcomp	Man-Woman	stylist	-0.172425
1997	litcomp	He-She	dancer	-0.267319
1997	litcomp	Man-Woman	dancer	-0.181651
1998	arts	He-She	artist	-0.166798
1998	arts	Man-Woman	artist	-0.103705
1998	arts	He-She	writer	-0.100903
1998	arts	Man-Woman	writer	-0.112511
1998	arts	He-She	musician	-0.0619394
1998	arts	Man-Woman	musician	0.0239986
1998	arts	He-She	painter	-0.146132
1998	arts	Man-Woman	painter	-0.0723434
1998	arts	He-She	singer	-0.192301
1998	arts	Man-Woman	singer	-0.103655
1998	business	He-She	financier	0.110574
1998	business	Man-Woman	financier	0.111091
1998	business	He-She	entrepreneur	-0.00941433
1998	business	Man-Woman	entrepreneur	-0.00374146
1998	business	He-She	broker	-0.148557
1998	business	Man-Woman	broker	-0.165332
1998	business	He-She	investor	0.0699302
1998	business	Man-Woman	investor	-0.0286345
1998	business	He-She	accountant	-0.0441245
1998	business	Man-Woman	accountant	-0.0554755
1998	service	He-She	salesperson	-0.173891
1998	service	Man-Woman	salesperson	-0.201248
1998	service	He-She	receptionist	-0.211245
1998	service	Man-Woman	receptionist	-0.221168
1998	service	He-She	housekeeper	-0.369614
1998	service	Man-Woman	housekeeper	-0.260481
1998	service	He-She	driver	-0.0634508
1998	service	Man-Woman	driver	-0.0247898
1998	service	He-She	cashier	-0.308758
1998	service	Man-Woman	cashier	-0.266449
1998	science&tech	He-She	scientist	0.0645939
1998	science&tech	Man-Woman	scientist	0.0520964
1998	science&tech	He-She	engineer	0.127056
1998	science&tech	Man-Woman	engineer	0.147735
1998	science&tech	He-She	chemist	-0.118601
1998	science&tech	Man-Woman	chemist	-0.110271
1998	science&tech	He-She	biologist	-0.0153417
1998	science&tech	Man-Woman	biologist	0.0501905
1998	science&tech	He-She	physicist	0.043933
1998	science&tech	Man-Woman	physicist	0.0154218
1998	neutral	He-She	person	-0.0931724
1998	neutral	Man-Woman	person	-0.105538
1998	neutral	He-She	human	-0.0511462
1998	neutral	Man-Woman	human	-0.0540195
1998	neutral	He-She	somebody	-0.0207452
1998	neutral	Man-Woman	somebody	-0.0102359
1998	neutral	He-She	someone	-0.0813379
1998	neutral	Man-Woman	someone	-0.0730326
1998	health	He-She	doctor	-0.163913
1998	health	Man-Woman	doctor	-0.205756
1998	health	He-She	nurse	-0.385851
1998	health	Man-Woman	nurse	-0.389911
1998	health	He-She	physician	-0.0708918
1998	health	Man-Woman	physician	-0.141973
1998	health	He-She	pharmacist	-0.235977
1998	health	Man-Woman	pharmacist	-0.197727
1998	health	He-She	surgeon	-0.0152809
1998	health	Man-Woman	surgeon	-0.0798611
1998	litcomp	He-She	architect	0.0314284
1998	litcomp	Man-Woman	architect	0.0653824
1998	litcomp	He-She	captain	0.169749
1998	litcomp	Man-Woman	captain	0.175945
1998	litcomp	He-She	philosopher	-0.0209966
1998	litcomp	Man-Woman	philosopher	0.0234723
1998	litcomp	He-She	hero	0.130277
1998	litcomp	Man-Woman	hero	0.169712
1998	litcomp	He-She	legend	-0.0130063
1998	litcomp	Man-Woman	legend	0.0527956
1998	litcomp	He-She	aide	0.0853279
1998	litcomp	Man-Woman	aide	-0.03941
1998	litcomp	He-She	correspondent	0.0400686
1998	litcomp	Man-Woman	correspondent	-0.0308053
1998	litcomp	He-She	chef	-0.0495527
1998	litcomp	Man-Woman	chef	-0.0363896
1998	litcomp	He-She	patron	-0.0890071
1998	litcomp	Man-Woman	patron	-0.0312668
1998	litcomp	He-She	comic	-0.0496807
1998	litcomp	Man-Woman	comic	0.0732763
1998	litcomp	He-She	nurse	-0.385851
1998	litcomp	Man-Woman	nurse	-0.389911
1998	litcomp	He-She	librarian	-0.326256
1998	litcomp	Man-Woman	librarian	-0.29238
1998	litcomp	He-She	nanny	-0.446972
1998	litcomp	Man-Woman	nanny	-0.394201
1998	litcomp	He-She	stylist	-0.28415
1998	litcomp	Man-Woman	stylist	-0.170911
1998	litcomp	He-She	dancer	-0.273161
1998	litcomp	Man-Woman	dancer	-0.212152
1999	arts	He-She	artist	-0.191544
1999	arts	Man-Woman	artist	-0.130924
1999	arts	He-She	writer	-0.13752
1999	arts	Man-Woman	writer	-0.112111
1999	arts	He-She	musician	-0.0271836
1999	arts	Man-Woman	musician	0.0499004
1999	arts	He-She	painter	-0.114541
1999	arts	Man-Woman	painter	-0.0843009
1999	arts	He-She	singer	-0.192219
1999	arts	Man-Woman	singer	-0.0347944
1999	business	He-She	financier	0.194743
1999	business	Man-Woman	financier	0.201951
1999	business	He-She	entrepreneur	-0.0521002
1999	business	Man-Woman	entrepreneur	-0.00328666
1999	business	He-She	broker	-0.0783499
1999	business	Man-Woman	broker	-0.0770629
1999	business	He-She	investor	0.1504
1999	business	Man-Woman	investor	0.0561784
1999	business	He-She	accountant	-0.146784
1999	business	Man-Woman	accountant	-0.0832103
1999	service	He-She	salesperson	-0.183883
1999	service	Man-Woman	salesperson	-0.144732
1999	service	He-She	receptionist	-0.363885
1999	service	Man-Woman	receptionist	-0.292612
1999	service	He-She	housekeeper	-0.397727
1999	service	Man-Woman	housekeeper	-0.256891
1999	service	He-She	driver	-0.0978205
1999	service	Man-Woman	driver	-0.0143088
1999	service	He-She	cashier	-0.443522
1999	service	Man-Woman	cashier	-0.315498
1999	science&tech	He-She	scientist	0.0383746
1999	science&tech	Man-Woman	scientist	0.0208454
1999	science&tech	He-She	engineer	0.0671719
1999	science&tech	Man-Woman	engineer	0.0541391
1999	science&tech	He-She	chemist	-0.0210512
1999	science&tech	Man-Woman	chemist	-0.0260605
1999	science&tech	He-She	biologist	-0.0166352
1999	science&tech	Man-Woman	biologist	-0.0037033
1999	science&tech	He-She	physicist	0.0184219
1999	science&tech	Man-Woman	physicist	-0.0301364
1999	neutral	He-She	person	-0.0947741
1999	neutral	Man-Woman	person	-0.10716
1999	neutral	He-She	human	-0.0984803
1999	neutral	Man-Woman	human	-0.158225
1999	neutral	He-She	somebody	-0.0368076
1999	neutral	Man-Woman	somebody	-0.0613794
1999	neutral	He-She	someone	-0.0478158
1999	neutral	Man-Woman	someone	-0.0860957
1999	health	He-She	doctor	-0.231727
1999	health	Man-Woman	doctor	-0.272388
1999	health	He-She	nurse	-0.41675
1999	health	Man-Woman	nurse	-0.40916
1999	health	He-She	physician	-0.0532437
1999	health	Man-Woman	physician	-0.0754024
1999	health	He-She	pharmacist	-0.178081
1999	health	Man-Woman	pharmacist	-0.185283
1999	health	He-She	surgeon	-0.076772
1999	health	Man-Woman	surgeon	-0.0916965
1999	litcomp	He-She	architect	0.0357264
1999	litcomp	Man-Woman	architect	0.0706405
1999	litcomp	He-She	captain	0.140796
1999	litcomp	Man-Woman	captain	0.168673
1999	litcomp	He-She	philosopher	0.00629386
1999	litcomp	Man-Woman	philosopher	0.0348101
1999	litcomp	He-She	hero	0.0809297
1999	litcomp	Man-Woman	hero	0.184217
1999	litcomp	He-She	legend	-0.0379375
1999	litcomp	Man-Woman	legend	0.0138298
1999	litcomp	He-She	aide	0.0322459
1999	litcomp	Man-Woman	aide	-0.00171773
1999	litcomp	He-She	correspondent	0.0014532
1999	litcomp	Man-Woman	correspondent	0.0199598
1999	litcomp	He-She	chef	-0.111262
1999	litcomp	Man-Woman	chef	0.00923843
1999	litcomp	He-She	patron	-0.103776
1999	litcomp	Man-Woman	patron	-0.012288
1999	litcomp	He-She	comic	-0.117827
1999	litcomp	Man-Woman	comic	0.00835018
1999	litcomp	He-She	nurse	-0.41675
1999	litcomp	Man-Woman	nurse	-0.40916
1999	litcomp	He-She	librarian	-0.272439
1999	litcomp	Man-Woman	librarian	-0.210569
1999	litcomp	He-She	nanny	-0.415184
1999	litcomp	Man-Woman	nanny	-0.314862
1999	litcomp	He-She	stylist	-0.399555
1999	litcomp	Man-Woman	stylist	-0.246054
1999	litcomp	He-She	dancer	-0.327791
1999	litcomp	Man-Woman	dancer	-0.246851
2000	arts	He-She	artist	-0.183386
2000	arts	Man-Woman	artist	-0.100312
2000	arts	He-She	writer	-0.12057
2000	arts	Man-Woman	writer	-0.10176
2000	arts	He-She	musician	-0.0183518
2000	arts	Man-Woman	musician	0.113665
2000	arts	He-She	painter	-0.185332
2000	arts	Man-Woman	painter	-0.109313
2000	arts	He-She	singer	-0.218255
2000	arts	Man-Woman	singer	-0.0340869
2000	business	He-She	financier	0.173842
2000	business	Man-Woman	financier	0.171979
2000	business	He-She	entrepreneur	0.012606
2000	business	Man-Woman	entrepreneur	0.0588559
2000	business	He-She	broker	-0.072011
2000	business	Man-Woman	broker	-0.101288
2000	business	He-She	investor	0.112665
2000	business	Man-Woman	investor	0.0211356
2000	business	He-She	accountant	-0.0105608
2000	business	Man-Woman	accountant	-0.0341519
2000	service	He-She	salesperson	-0.107197
2000	service	Man-Woman	salesperson	-0.0177895
2000	service	He-She	receptionist	-0.268267
2000	service	Man-Woman	receptionist	-0.221529
2000	service	He-She	housekeeper	-0.373442
2000	service	Man-Woman	housekeeper	-0.206129
2000	service	He-She	driver	-0.081361
2000	service	Man-Woman	driver	-0.0081797
2000	service	He-She	cashier	-0.344936
2000	service	Man-Woman	cashier	-0.206418
2000	science&tech	He-She	scientist	0.00266323
2000	science&tech	Man-Woman	scientist	-0.0371164
2000	science&tech	He-She	engineer	0.0506664
2000	science&tech	Man-Woman	engineer	0.0284496
2000	science&tech	He-She	chemist	-0.0893186
2000	science&tech	Man-Woman	chemist	-0.0791495
2000	science&tech	He-She	biologist	-0.056842
2000	science&tech	Man-Woman	biologist	-0.0756413
2000	science&tech	He-She	physicist	0.0052399
2000	science&tech	Man-Woman	physicist	-0.0702042
2000	neutral	He-She	person	-0.0609586
2000	neutral	Man-Woman	person	-0.069202
2000	neutral	He-She	human	-0.0879963
2000	neutral	Man-Woman	human	-0.101352
2000	neutral	He-She	somebody	0.000973607
2000	neutral	Man-Woman	somebody	0.00942589
2000	neutral	He-She	someone	-0.0373624
2000	neutral	Man-Woman	someone	-0.0544062
2000	health	He-She	doctor	-0.164064
2000	health	Man-Woman	doctor	-0.209086
2000	health	He-She	nurse	-0.395209
2000	health	Man-Woman	nurse	-0.406003
2000	health	He-She	physician	-0.0662724
2000	health	Man-Woman	physician	-0.108337
2000	health	He-She	pharmacist	-0.18724
2000	health	Man-Woman	pharmacist	-0.212363
2000	health	He-She	surgeon	-0.0331016
2000	health	Man-Woman	surgeon	-0.0689412
2000	litcomp	He-She	architect	0.00832567
2000	litcomp	Man-Woman	architect	0.0352151
2000	litcomp	He-She	captain	0.154443
2000	litcomp	Man-Woman	captain	0.173779
2000	litcomp	He-She	philosopher	0.0507678
2000	litcomp	Man-Woman	philosopher	0.11178
2000	litcomp	He-She	hero	0.159847
2000	litcomp	Man-Woman	hero	0.203774
2000	litcomp	He-She	legend	0.00761629
2000	litcomp	Man-Woman	legend	0.087294
2000	litcomp	He-She	aide	0.0930928
2000	litcomp	Man-Woman	aide	-0.0398986
2000	litcomp	He-She	correspondent	0.0562402
2000	litcomp	Man-Woman	correspondent	0.0432785
2000	litcomp	He-She	chef	-0.0986259
2000	litcomp	Man-Woman	chef	-0.00966353
2000	litcomp	He-She	patron	-0.109467
2000	litcomp	Man-Woman	patron	0.0244636
2000	litcomp	He-She	comic	-0.0515228
2000	litcomp	Man-Woman	comic	0.0559226
2000	litcomp	He-She	nurse	-0.395209
2000	litcomp	Man-Woman	nurse	-0.406003
2000	litcomp	He-She	librarian	-0.348088
2000	litcomp	Man-Woman	librarian	-0.311328
2000	litcomp	He-She	nanny	-0.391088
2000	litcomp	Man-Woman	nanny	-0.278045
2000	litcomp	He-She	stylist	-0.372071
2000	litcomp	Man-Woman	stylist	-0.214439
2000	litcomp	He-She	dancer	-0.316074
2000	litcomp	Man-Woman	dancer	-0.174194
2001	arts	He-She	artist	-0.23628
2001	arts	Man-Woman	artist	-0.16331
2001	arts	He-She	writer	-0.173025
2001	arts	Man-Woman	writer	-0.14006
2001	arts	He-She	musician	-0.0908761
2001	arts	Man-Woman	musician	-0.00172128
2001	arts	He-She	painter	-0.146974
2001	arts	Man-Woman	painter	-0.0865505
2001	arts	He-She	singer	-0.206398
2001	arts	Man-Woman	singer	-0.0580586
2001	business	He-She	financier	0.158405
2001	business	Man-Woman	financier	0.166043
2001	business	He-She	entrepreneur	0.0320581
2001	business	Man-Woman	entrepreneur	0.0472718
2001	business	He-She	broker	-0.0400602
2001	business	Man-Woman	broker	-0.111938
2001	business	He-She	investor	0.0865414
2001	business	Man-Woman	investor	-0.030497
2001	business	He-She	accountant	-0.104942
2001	business	Man-Woman	accountant	-0.0877926
2001	service	He-She	salesperson	-0.186842
2001	service	Man-Woman	salesperson	-0.147554
2001	service	He-She	receptionist	-0.317725
2001	service	Man-Woman	receptionist	-0.277509
2001	service	He-She	housekeeper	-0.444269
2001	service	Man-Woman	housekeeper	-0.331039
2001	service	He-She	driver	-0.0350393
2001	service	Man-Woman	driver	-0.0159971
2001	service	He-She	cashier	-0.39697
2001	service	Man-Woman	cashier	-0.350209
2001	science&tech	He-She	scientist	0.0482181
2001	science&tech	Man-Woman	scientist	0.049803
2001	science&tech	He-She	engineer	0.0232989
2001	science&tech	Man-Woman	engineer	0.0330798
2001	science&tech	He-She	chemist	-0.0681524
2001	science&tech	Man-Woman	chemist	-0.000581171
2001	science&tech	He-She	biologist	-0.0997013
2001	science&tech	Man-Woman	biologist	-0.0730812
2001	science&tech	He-She	physicist	0.0218497
2001	science&tech	Man-Woman	physicist	0.0058322
2001	neutral	He-She	person	-0.0826624
2001	neutral	Man-Woman	person	-0.111491
2001	neutral	He-She	human	-0.0953471
2001	neutral	Man-Woman	human	-0.113243
2001	neutral	He-She	somebody	-0.00857647
2001	neutral	Man-Woman	somebody	-0.0198394
2001	neutral	He-She	someone	-0.0592307
2001	neutral	Man-Woman	someone	-0.103206
2001	health	He-She	doctor	-0.190009
2001	health	Man-Woman	doctor	-0.197831
2001	health	He-She	nurse	-0.422405
2001	health	Man-Woman	nurse	-0.401284
2001	health	He-She	physician	-0.136294
2001	health	Man-Woman	physician	-0.111134
2001	health	He-She	pharmacist	-0.253407
2001	health	Man-Woman	pharmacist	-0.269855
2001	health	He-She	surgeon	-0.0286913
2001	health	Man-Woman	surgeon	-0.0156178
2001	litcomp	He-She	architect	0.0282924
2001	litcomp	Man-Woman	architect	0.0232884
2001	litcomp	He-She	captain	0.120873
2001	litcomp	Man-Woman	captain	0.184878
2001	litcomp	He-She	philosopher	-0.0862877
2001	litcomp	Man-Woman	philosopher	-0.0645977
2001	litcomp	He-She	hero	0.0645014
2001	litcomp	Man-Woman	hero	0.0882146
2001	litcomp	He-She	legend	-0.0259139
2001	litcomp	Man-Woman	legend	0.0387795
2001	litcomp	He-She	aide	0.153664
2001	litcomp	Man-Woman	aide	0.0336479
2001	litcomp	He-She	correspondent	0.0266752
2001	litcomp	Man-Woman	correspondent	-0.00665154
2001	litcomp	He-She	chef	-0.167662
2001	litcomp	Man-Woman	chef	-0.159866
2001	litcomp	He-She	patron	-0.102806
2001	litcomp	Man-Woman	patron	0.00601941
2001	litcomp	He-She	comic	-0.213787
2001	litcomp	Man-Woman	comic	-0.078724
2001	litcomp	He-She	nurse	-0.422405
2001	litcomp	Man-Woman	nurse	-0.401284
2001	litcomp	He-She	librarian	-0.312665
2001	litcomp	Man-Woman	librarian	-0.264656
2001	litcomp	He-She	nanny	-0.469276
2001	litcomp	Man-Woman	nanny	-0.353645
2001	litcomp	He-She	stylist	-0.396889
2001	litcomp	Man-Woman	stylist	-0.268614
2001	litcomp	He-She	dancer	-0.347712
2001	litcomp	Man-Woman	dancer	-0.299322
2002	arts	He-She	artist	-0.18666
2002	arts	Man-Woman	artist	-0.0869624
2002	arts	He-She	writer	-0.164735
2002	arts	Man-Woman	writer	-0.100404
2002	arts	He-She	musician	-0.0925858
2002	arts	Man-Woman	musician	0.0261847
2002	arts	He-She	painter	-0.196936
2002	arts	Man-Woman	painter	-0.123891
2002	arts	He-She	singer	-0.220501
2002	arts	Man-Woman	singer	-0.0832502
2002	business	He-She	financier	0.146465
2002	business	Man-Woman	financier	0.143397
2002	business	He-She	entrepreneur	0.0105506
2002	business	Man-Woman	entrepreneur	0.0553837
2002	business	He-She	broker	-0.110198
2002	business	Man-Woman	broker	-0.100481
2002	business	He-She	investor	0.111399
2002	business	Man-Woman	investor	-0.0197499
2002	business	He-She	accountant	-0.0506623
2002	business	Man-Woman	accountant	-0.0558025
2002	service	He-She	salesperson	-0.178225
2002	service	Man-Woman	salesperson	-0.0730689
2002	service	He-She	receptionist	-0.322888
2002	service	Man-Woman	receptionist	-0.196152
2002	service	He-She	housekeeper	-0.4832
2002	service	Man-Woman	housekeeper	-0.365978
2002	service	He-She	driver	-0.0754663
2002	service	Man-Woman	driver	-0.039677
2002	service	He-She	cashier	-0.329347
2002	service	Man-Woman	cashier	-0.209053
2002	science&tech	He-She	scientist	0.0449103
2002	science&tech	Man-Woman	scientist	0.0543683
2002	science&tech	He-She	engineer	0.0714229
2002	science&tech	Man-Woman	engineer	0.112917
2002	science&tech	He-She	chemist	-0.100564
2002	science&tech	Man-Woman	chemist	-0.0404341
2002	science&tech	He-She	biologist	-0.104501
2002	science&tech	Man-Woman	biologist	-0.0459946
2002	science&tech	He-She	physicist	0.0815068
2002	science&tech	Man-Woman	physicist	0.0746873
2002	neutral	He-She	person	-0.0769382
2002	neutral	Man-Woman	person	-0.0835735
2002	neutral	He-She	human	-0.100034
2002	neutral	Man-Woman	human	-0.119374
2002	neutral	He-She	somebody	-0.0379515
2002	neutral	Man-Woman	somebody	-0.0190543
2002	neutral	He-She	someone	-0.0650656
2002	neutral	Man-Woman	someone	-0.0681661
2002	health	He-She	doctor	-0.203752
2002	health	Man-Woman	doctor	-0.245192
2002	health	He-She	nurse	-0.380457
2002	health	Man-Woman	nurse	-0.400112
2002	health	He-She	physician	-0.127108
2002	health	Man-Woman	physician	-0.162386
2002	health	He-She	pharmacist	-0.173021
2002	health	Man-Woman	pharmacist	-0.150612
2002	health	He-She	surgeon	-0.0604929
2002	health	Man-Woman	surgeon	-0.0773383
2002	litcomp	He-She	architect	0.00967493
2002	litcomp	Man-Woman	architect	0.0482786
2002	litcomp	He-She	captain	0.0934705
2002	litcomp	Man-Woman	captain	0.123835
2002	litcomp	He-She	philosopher	0.0260232
2002	litcomp	Man-Woman	philosopher	0.0118033
2002	litcomp	He-She	hero	0.0762952
2002	litcomp	Man-Woman	hero	0.131634
2002	litcomp	He-She	legend	-0.0720121
2002	litcomp	Man-Woman	legend	0.0180869
2002	litcomp	He-She	aide	0.16259
2002	litcomp	Man-Woman	aide	0.0167438
2002	litcomp	He-She	correspondent	0.026273
2002	litcomp	Man-Woman	correspondent	-0.049148
2002	litcomp	He-She	chef	-0.166493
2002	litcomp	Man-Woman	chef	-0.0461992
2002	litcomp	He-She	patron	-0.105367
2002	litcomp	Man-Woman	patron	-0.0204162
2002	litcomp	He-She	comic	-0.107586
2002	litcomp	Man-Woman	comic	0.0185841
2002	litcomp	He-She	nurse	-0.380457
2002	litcomp	Man-Woman	nurse	-0.400112
2002	litcomp	He-She	librarian	-0.272465
2002	litcomp	Man-Woman	librarian	-0.194342
2002	litcomp	He-She	nanny	-0.477998
2002	litcomp	Man-Woman	nanny	-0.360276
2002	litcomp	He-She	stylist	-0.391668
2002	litcomp	Man-Woman	stylist	-0.222878
2002	litcomp	He-She	dancer	-0.317053
2002	litcomp	Man-Woman	dancer	-0.220589
2003	arts	He-She	artist	-0.200212
2003	arts	Man-Woman	artist	-0.146161
2003	arts	He-She	writer	-0.176732
2003	arts	Man-Woman	writer	-0.136856
2003	arts	He-She	musician	-0.0920363
2003	arts	Man-Woman	musician	0.0308958
2003	arts	He-She	painter	-0.173208
2003	arts	Man-Woman	painter	-0.110454
2003	arts	He-She	singer	-0.211234
2003	arts	Man-Woman	singer	-0.0748446
2003	business	He-She	financier	0.0443933
2003	business	Man-Woman	financier	0.0884585
2003	business	He-She	entrepreneur	-0.00122614
2003	business	Man-Woman	entrepreneur	0.0631043
2003	business	He-She	broker	-0.0633855
2003	business	Man-Woman	broker	-0.0958043
2003	business	He-She	investor	0.0286753
2003	business	Man-Woman	investor	-0.067932
2003	business	He-She	accountant	-0.0674156
2003	business	Man-Woman	accountant	-0.0845791
2003	service	He-She	salesperson	-0.193349
2003	service	Man-Woman	salesperson	-0.06838
2003	service	He-She	receptionist	-0.302567
2003	service	Man-Woman	receptionist	-0.206096
2003	service	He-She	housekeeper	-0.413271
2003	service	Man-Woman	housekeeper	-0.346273
2003	service	He-She	driver	-0.0230913
2003	service	Man-Woman	driver	0.0257723
2003	service	He-She	cashier	-0.398669
2003	service	Man-Woman	cashier	-0.253751
2003	science&tech	He-She	scientist	0.0681667
2003	science&tech	Man-Woman	scientist	0.0419439
2003	science&tech	He-She	engineer	0.0950222
2003	science&tech	Man-Woman	engineer	0.120802
2003	science&tech	He-She	chemist	-0.114806
2003	science&tech	Man-Woman	chemist	-0.0617604
2003	science&tech	He-She	biologist	-0.0959314
2003	science&tech	Man-Woman	biologist	-0.0630448
2003	science&tech	He-She	physicist	-0.00690175
2003	science&tech	Man-Woman	physicist	-0.0244641
2003	neutral	He-She	person	-0.0500955
2003	neutral	Man-Woman	person	-0.0753027
2003	neutral	He-She	human	-0.0877106
2003	neutral	Man-Woman	human	-0.119068
2003	neutral	He-She	somebody	-0.0690467
2003	neutral	Man-Woman	somebody	-0.0765575
2003	neutral	He-She	someone	-0.0585478
2003	neutral	Man-Woman	someone	-0.0771302
2003	health	He-She	doctor	-0.168603
2003	health	Man-Woman	doctor	-0.193015
2003	health	He-She	nurse	-0.368719
2003	health	Man-Woman	nurse	-0.338068
2003	health	He-She	physician	-0.0549457
2003	health	Man-Woman	physician	-0.066276
2003	health	He-She	pharmacist	-0.226458
2003	health	Man-Woman	pharmacist	-0.154746
2003	health	He-She	surgeon	-0.0878266
2003	health	Man-Woman	surgeon	-0.0447256
2003	litcomp	He-She	architect	0.0808256
2003	litcomp	Man-Woman	architect	0.0767213
2003	litcomp	He-She	captain	0.0797016
2003	litcomp	Man-Woman	captain	0.156482
2003	litcomp	He-She	philosopher	-0.0432821
2003	litcomp	Man-Woman	philosopher	-0.00587009
2003	litcomp	He-She	hero	0.0089026
2003	litcomp	Man-Woman	hero	0.108475
2003	litcomp	He-She	legend	-0.0572013
2003	litcomp	Man-Woman	legend	0.0297505
2003	litcomp	He-She	aide	0.106937
2003	litcomp	Man-Woman	aide	0.0143038
2003	litcomp	He-She	correspondent	0.0351707
2003	litcomp	Man-Woman	correspondent	0.00559241
2003	litcomp	He-She	chef	-0.114951
2003	litcomp	Man-Woman	chef	-0.020942
2003	litcomp	He-She	patron	-0.117457
2003	litcomp	Man-Woman	patron	-0.0137975
2003	litcomp	He-She	comic	-0.110233
2003	litcomp	Man-Woman	comic	-0.0351393
2003	litcomp	He-She	nurse	-0.368719
2003	litcomp	Man-Woman	nurse	-0.338068
2003	litcomp	He-She	librarian	-0.325333
2003	litcomp	Man-Woman	librarian	-0.286435
2003	litcomp	He-She	nanny	-0.439789
2003	litcomp	Man-Woman	nanny	-0.307614
2003	litcomp	He-She	stylist	-0.418213
2003	litcomp	Man-Woman	stylist	-0.191801
2003	litcomp	He-She	dancer	-0.314272
2003	litcomp	Man-Woman	dancer	-0.227311
2004	arts	He-She	artist	-0.205684
2004	arts	Man-Woman	artist	-0.11996
2004	arts	He-She	writer	-0.175958
2004	arts	Man-Woman	writer	-0.130236
2004	arts	He-She	musician	-0.0899726
2004	arts	Man-Woman	musician	0.0665864
2004	arts	He-She	painter	-0.182962
2004	arts	Man-Woman	painter	-0.11781
2004	arts	He-She	singer	-0.233369
2004	arts	Man-Woman	singer	-0.0640996
2004	business	He-She	financier	0.0442551
2004	business	Man-Woman	financier	0.0103945
2004	business	He-She	entrepreneur	0.00596791
2004	business	Man-Woman	entrepreneur	0.0669237
2004	business	He-She	broker	-0.0958107
2004	business	Man-Woman	broker	-0.18671
2004	business	He-She	investor	0.119954
2004	business	Man-Woman	investor	0.0337727
2004	business	He-She	accountant	-0.0753922
2004	business	Man-Woman	accountant	-0.0684749
2004	service	He-She	salesperson	-0.240321
2004	service	Man-Woman	salesperson	-0.105396
2004	service	He-She	receptionist	-0.288721
2004	service	Man-Woman	receptionist	-0.220335
2004	service	He-She	housekeeper	-0.428863
2004	service	Man-Woman	housekeeper	-0.303098
2004	service	He-She	driver	-0.0610121
2004	service	Man-Woman	driver	-0.00665072
2004	service	He-She	cashier	-0.303159
2004	service	Man-Woman	cashier	-0.251856
2004	science&tech	He-She	scientist	0.0482139
2004	science&tech	Man-Woman	scientist	0.0395305
2004	science&tech	He-She	engineer	0.103761
2004	science&tech	Man-Woman	engineer	0.147608
2004	science&tech	He-She	chemist	-0.130028
2004	science&tech	Man-Woman	chemist	-0.0377962
2004	science&tech	He-She	biologist	-0.112993
2004	science&tech	Man-Woman	biologist	-0.116736
2004	science&tech	He-She	physicist	0.0317551
2004	science&tech	Man-Woman	physicist	0.0050986
2004	neutral	He-She	person	-0.047398
2004	neutral	Man-Woman	person	-0.0415357
2004	neutral	He-She	human	-0.0163895
2004	neutral	Man-Woman	human	-0.0498991
2004	neutral	He-She	somebody	-0.0296036
2004	neutral	Man-Woman	somebody	-0.0140873
2004	neutral	He-She	someone	-0.0361422
2004	neutral	Man-Woman	someone	-0.0265901
2004	health	He-She	doctor	-0.178593
2004	health	Man-Woman	doctor	-0.20297
2004	health	He-She	nurse	-0.392555
2004	health	Man-Woman	nurse	-0.365098
2004	health	He-She	physician	-0.158002
2004	health	Man-Woman	physician	-0.120602
2004	health	He-She	pharmacist	-0.276245
2004	health	Man-Woman	pharmacist	-0.302635
2004	health	He-She	surgeon	-0.0924851
2004	health	Man-Woman	surgeon	-0.04847
2004	litcomp	He-She	architect	0.0496975
2004	litcomp	Man-Woman	architect	0.0958336
2004	litcomp	He-She	captain	0.129431
2004	litcomp	Man-Woman	captain	0.225337
2004	litcomp	He-She	philosopher	-0.0825173
2004	litcomp	Man-Woman	philosopher	-0.05018
2004	litcomp	He-She	hero	0.0887338
2004	litcomp	Man-Woman	hero	0.195182
2004	litcomp	He-She	legend	-0.10019
2004	litcomp	Man-Woman	legend	0.0403119
2004	litcomp	He-She	aide	0.155163
2004	litcomp	Man-Woman	aide	0.056041
2004	litcomp	He-She	correspondent	-0.0255935
2004	litcomp	Man-Woman	correspondent	0.0076968
2004	litcomp	He-She	chef	-0.131878
2004	litcomp	Man-Woman	chef	-0.0966107
2004	litcomp	He-She	patron	-0.0819262
2004	litcomp	Man-Woman	patron	0.0315557
2004	litcomp	He-She	comic	-0.106839
2004	litcomp	Man-Woman	comic	0.0251332
2004	litcomp	He-She	nurse	-0.392555
2004	litcomp	Man-Woman	nurse	-0.365098
2004	litcomp	He-She	librarian	-0.278952
2004	litcomp	Man-Woman	librarian	-0.23853
2004	litcomp	He-She	nanny	-0.406636
2004	litcomp	Man-Woman	nanny	-0.287138
2004	litcomp	He-She	stylist	-0.392234
2004	litcomp	Man-Woman	stylist	-0.203508
2004	litcomp	He-She	dancer	-0.286316
2004	litcomp	Man-Woman	dancer	-0.186027
2005	arts	He-She	artist	-0.176277
2005	arts	Man-Woman	artist	-0.0846618
2005	arts	He-She	writer	-0.0713329
2005	arts	Man-Woman	writer	-0.113825
2005	arts	He-She	musician	-0.00963943
2005	arts	Man-Woman	musician	0.0240575
2005	arts	He-She	painter	-0.128342
2005	arts	Man-Woman	painter	-0.06224
2005	arts	He-She	singer	-0.121836
2005	arts	Man-Woman	singer	-0.0685071
2005	business	He-She	financier	0.158894
2005	business	Man-Woman	financier	0.174087
2005	business	He-She	entrepreneur	0.00996441
2005	business	Man-Woman	entrepreneur	0.0535921
2005	business	He-She	broker	-0.122877
2005	business	Man-Woman	broker	-0.100674
2005	business	He-She	investor	0.141171
2005	business	Man-Woman	investor	0.0931577
2005	business	He-She	accountant	-0.087638
2005	business	Man-Woman	accountant	-0.0921001
2005	service	He-She	salesperson	-0.118315
2005	service	Man-Woman	salesperson	-0.0194513
2005	service	He-She	receptionist	-0.372387
2005	service	Man-Woman	receptionist	-0.25264
2005	service	He-She	housekeeper	-0.428206
2005	service	Man-Woman	housekeeper	-0.290754
2005	service	He-She	driver	-0.0696763
2005	service	Man-Woman	driver	-0.0569237
2005	service	He-She	cashier	-0.360899
2005	service	Man-Woman	cashier	-0.259565
2005	science&tech	He-She	scientist	0.00881277
2005	science&tech	Man-Woman	scientist	0.0126992
2005	science&tech	He-She	engineer	0.104807
2005	science&tech	Man-Woman	engineer	0.111548
2005	science&tech	He-She	chemist	-0.0736399
2005	science&tech	Man-Woman	chemist	-0.0763043
2005	science&tech	He-She	biologist	-0.0836538
2005	science&tech	Man-Woman	biologist	-0.0563715
2005	science&tech	He-She	physicist	0.0600175
2005	science&tech	Man-Woman	physicist	0.0427145
2005	neutral	He-She	person	-0.0422212
2005	neutral	Man-Woman	person	-0.109063
2005	neutral	He-She	human	-0.0949777
2005	neutral	Man-Woman	human	-0.139813
2005	neutral	He-She	somebody	-0.0404822
2005	neutral	Man-Woman	somebody	-0.0615707
2005	neutral	He-She	someone	-0.0466027
2005	neutral	Man-Woman	someone	-0.0844742
2005	health	He-She	doctor	-0.186505
2005	health	Man-Woman	doctor	-0.255109
2005	health	He-She	nurse	-0.433645
2005	health	Man-Woman	nurse	-0.422421
2005	health	He-She	physician	-0.154792
2005	health	Man-Woman	physician	-0.183388
2005	health	He-She	pharmacist	-0.231399
2005	health	Man-Woman	pharmacist	-0.176372
2005	health	He-She	surgeon	-0.101486
2005	health	Man-Woman	surgeon	-0.0846709
2005	litcomp	He-She	architect	0.0674375
2005	litcomp	Man-Woman	architect	0.110329
2005	litcomp	He-She	captain	0.121445
2005	litcomp	Man-Woman	captain	0.172105
2005	litcomp	He-She	philosopher	0.0598657
2005	litcomp	Man-Woman	philosopher	0.0813728
2005	litcomp	He-She	hero	0.0851327
2005	litcomp	Man-Woman	hero	0.14884
2005	litcomp	He-She	legend	0.0421037
2005	litcomp	Man-Woman	legend	0.115315
2005	litcomp	He-She	aide	0.0685956
2005	litcomp	Man-Woman	aide	-0.0122388
2005	litcomp	He-She	correspondent	0.0250736
2005	litcomp	Man-Woman	correspondent	-0.0219626
2005	litcomp	He-She	chef	-0.0924382
2005	litcomp	Man-Woman	chef	-0.051689
2005	litcomp	He-She	patron	0.00929271
2005	litcomp	Man-Woman	patron	0.0824504
2005	litcomp	He-She	comic	0.0202824
2005	litcomp	Man-Woman	comic	0.0832774
2005	litcomp	He-She	nurse	-0.433645
2005	litcomp	Man-Woman	nurse	-0.422421
2005	litcomp	He-She	librarian	-0.297094
2005	litcomp	Man-Woman	librarian	-0.246158
2005	litcomp	He-She	nanny	-0.410573
2005	litcomp	Man-Woman	nanny	-0.314566
2005	litcomp	He-She	stylist	-0.294679
2005	litcomp	Man-Woman	stylist	-0.15568
2005	litcomp	He-She	dancer	-0.3045
2005	litcomp	Man-Woman	dancer	-0.241247
2006	arts	He-She	artist	-0.201871
2006	arts	Man-Woman	artist	-0.1024
2006	arts	He-She	writer	-0.149778
2006	arts	Man-Woman	writer	-0.085235
2006	arts	He-She	musician	-0.0494683
2006	arts	Man-Woman	musician	0.0916746
2006	arts	He-She	painter	-0.189474
2006	arts	Man-Woman	painter	-0.1166
2006	arts	He-She	singer	-0.17026
2006	arts	Man-Woman	singer	-0.0490821
2006	business	He-She	financier	0.0988061
2006	business	Man-Woman	financier	0.111193
2006	business	He-She	entrepreneur	0.00229129
2006	business	Man-Woman	entrepreneur	0.0327162
2006	business	He-She	broker	-0.137238
2006	business	Man-Woman	broker	-0.143492
2006	business	He-She	investor	0.127011
2006	business	Man-Woman	investor	0.0384159
2006	business	He-She	accountant	-0.0518737
2006	business	Man-Woman	accountant	-0.105652
2006	service	He-She	salesperson	-0.113516
2006	service	Man-Woman	salesperson	0.00913501
2006	service	He-She	receptionist	-0.27812
2006	service	Man-Woman	receptionist	-0.276056
2006	service	He-She	housekeeper	-0.399613
2006	service	Man-Woman	housekeeper	-0.29472
2006	service	He-She	driver	0.0205651
2006	service	Man-Woman	driver	0.0355936
2006	service	He-She	cashier	-0.286313
2006	service	Man-Woman	cashier	-0.2432
2006	science&tech	He-She	scientist	-0.0168725
2006	science&tech	Man-Woman	scientist	-0.0704323
2006	science&tech	He-She	engineer	0.0466897
2006	science&tech	Man-Woman	engineer	0.030108
2006	science&tech	He-She	chemist	-0.0459676
2006	science&tech	Man-Woman	chemist	-0.0915184
2006	science&tech	He-She	biologist	-0.0932134
2006	science&tech	Man-Woman	biologist	-0.148228
2006	science&tech	He-She	physicist	-0.0156717
2006	science&tech	Man-Woman	physicist	-0.0717956
2006	neutral	He-She	person	-0.0707688
2006	neutral	Man-Woman	person	-0.0811234
2006	neutral	He-She	human	-0.106373
2006	neutral	Man-Woman	human	-0.0945916
2006	neutral	He-She	somebody	-0.026738
2006	neutral	Man-Woman	somebody	-0.0304788
2006	neutral	He-She	someone	-0.0526716
2006	neutral	Man-Woman	someone	-0.0732045
2006	health	He-She	doctor	-0.216992
2006	health	Man-Woman	doctor	-0.275765
2006	health	He-She	nurse	-0.386717
2006	health	Man-Woman	nurse	-0.417055
2006	health	He-She	physician	-0.0961421
2006	health	Man-Woman	physician	-0.148585
2006	health	He-She	pharmacist	-0.294276
2006	health	Man-Woman	pharmacist	-0.304481
2006	health	He-She	surgeon	-0.113334
2006	health	Man-Woman	surgeon	-0.138785
2006	litcomp	He-She	architect	0.065003
2006	litcomp	Man-Woman	architect	0.0701364
2006	litcomp	He-She	captain	0.124998
2006	litcomp	Man-Woman	captain	0.16296
2006	litcomp	He-She	philosopher	-0.0106875
2006	litcomp	Man-Woman	philosopher	-0.060205
2006	litcomp	He-She	hero	0.0872427
2006	litcomp	Man-Woman	hero	0.207214
2006	litcomp	He-She	legend	0.0301848
2006	litcomp	Man-Woman	legend	0.131611
2006	litcomp	He-She	aide	0.0371803
2006	litcomp	Man-Woman	aide	-0.0623616
2006	litcomp	He-She	correspondent	-0.00952224
2006	litcomp	Man-Woman	correspondent	-0.0180538
2006	litcomp	He-She	chef	-0.178853
2006	litcomp	Man-Woman	chef	-0.159737
2006	litcomp	He-She	patron	-0.0105652
2006	litcomp	Man-Woman	patron	0.0286767
2006	litcomp	He-She	comic	-0.0689293
2006	litcomp	Man-Woman	comic	0.0560625
2006	litcomp	He-She	nurse	-0.386717
2006	litcomp	Man-Woman	nurse	-0.417055
2006	litcomp	He-She	librarian	-0.313607
2006	litcomp	Man-Woman	librarian	-0.31855
2006	litcomp	He-She	nanny	-0.466894
2006	litcomp	Man-Woman	nanny	-0.3611
2006	litcomp	He-She	stylist	-0.390267
2006	litcomp	Man-Woman	stylist	-0.225515
2006	litcomp	He-She	dancer	-0.327589
2006	litcomp	Man-Woman	dancer	-0.267856
